<Anims>
 <anim name="burnt" root="rotbox" numframes="400" framerate="40">
  <frame idx="0" w="294" h="429" x="-28.498512" y="-132.748596">
   <element name="base" layername="base" frame="1" z_index="19" m_a="1.000000" m_b="0.000000" m_c="0.000000" m_d="1.000000" m_tx="-9.499000" m_ty="-106.198997"/>
   <element name="shadow" layername="shadow" frame="0" z_index="20" m_a="0.999862" m_b="0.013542" m_c="-0.018512" m_d="1.366795" m_tx="-4.649000" m_ty="21.350000"/>
  </frame>
  <frame idx="25" w="294" h="429" x="-28.498512" y="-132.748596">
   <element name="base" layername="base" frame="1" z_index="19" m_a="1.000000" m_b="0.000000" m_c="0.000000" m_d="1.000000" m_tx="-9.499000" m_ty="-106.198997"/>
   <element name="shadow" layername="shadow" frame="0" z_index="20" m_a="0.999862" m_b="0.013542" m_c="-0.018512" m_d="1.366795" m_tx="-4.649000" m_ty="21.350000"/>
  </frame>
  <frame idx="50" w="294" h="429" x="-28.498512" y="-132.748596">
   <element name="base" layername="base" frame="1" z_index="19" m_a="1.000000" m_b="0.000000" m_c="0.000000" m_d="1.000000" m_tx="-9.499000" m_ty="-106.198997"/>
   <element name="shadow" layername="shadow" frame="0" z_index="20" m_a="0.999862" m_b="0.013542" m_c="-0.018512" m_d="1.366795" m_tx="-4.649000" m_ty="21.350000"/>
  </frame>
  <frame idx="75" w="294" h="429" x="-28.498512" y="-132.748596">
   <element name="base" layername="base" frame="1" z_index="19" m_a="1.000000" m_b="0.000000" m_c="0.000000" m_d="1.000000" m_tx="-9.499000" m_ty="-106.198997"/>
   <element name="shadow" layername="shadow" frame="0" z_index="20" m_a="0.999862" m_b="0.013542" m_c="-0.018512" m_d="1.366795" m_tx="-4.649000" m_ty="21.350000"/>
  </frame>
  <frame idx="100" w="294" h="429" x="-28.498512" y="-132.748596">
   <element name="base" layername="base" frame="1" z_index="19" m_a="1.000000" m_b="0.000000" m_c="0.000000" m_d="1.000000" m_tx="-9.499000" m_ty="-106.198997"/>
   <element name="shadow" layername="shadow" frame="0" z_index="20" m_a="0.999862" m_b="0.013542" m_c="-0.018512" m_d="1.366795" m_tx="-4.649000" m_ty="21.350000"/>
  </frame>
  <frame idx="125" w="294" h="429" x="-28.498512" y="-132.748596">
   <element name="base" layername="base" frame="1" z_index="19" m_a="1.000000" m_b="0.000000" m_c="0.000000" m_d="1.000000" m_tx="-9.499000" m_ty="-106.198997"/>
   <element name="shadow" layername="shadow" frame="0" z_index="20" m_a="0.999862" m_b="0.013542" m_c="-0.018512" m_d="1.366795" m_tx="-4.649000" m_ty="21.350000"/>
  </frame>
  <frame idx="150" w="294" h="429" x="-28.498512" y="-132.748596">
   <element name="base" layername="base" frame="1" z_index="19" m_a="1.000000" m_b="0.000000" m_c="0.000000" m_d="1.000000" m_tx="-9.499000" m_ty="-106.198997"/>
   <element name="shadow" layername="shadow" frame="0" z_index="20" m_a="0.999862" m_b="0.013542" m_c="-0.018512" m_d="1.366795" m_tx="-4.649000" m_ty="21.350000"/>
  </frame>
  <frame idx="175" w="294" h="429" x="-28.498512" y="-132.748596">
   <element name="base" layername="base" frame="1" z_index="19" m_a="1.000000" m_b="0.000000" m_c="0.000000" m_d="1.000000" m_tx="-9.499000" m_ty="-106.198997"/>
   <element name="shadow" layername="shadow" frame="0" z_index="20" m_a="0.999862" m_b="0.013542" m_c="-0.018512" m_d="1.366795" m_tx="-4.649000" m_ty="21.350000"/>
  </frame>
  <frame idx="200" w="294" h="429" x="-28.498512" y="-132.748596">
   <element name="base" layername="base" frame="1" z_index="19" m_a="1.000000" m_b="0.000000" m_c="0.000000" m_d="1.000000" m_tx="-9.499000" m_ty="-106.198997"/>
   <element name="shadow" layername="shadow" frame="0" z_index="20" m_a="0.999862" m_b="0.013542" m_c="-0.018512" m_d="1.366795" m_tx="-4.649000" m_ty="21.350000"/>
  </frame>
  <frame idx="225" w="294" h="429" x="-28.498512" y="-132.748596">
   <element name="base" layername="base" frame="1" z_index="19" m_a="1.000000" m_b="0.000000" m_c="0.000000" m_d="1.000000" m_tx="-9.499000" m_ty="-106.198997"/>
   <element name="shadow" layername="shadow" frame="0" z_index="20" m_a="0.999862" m_b="0.013542" m_c="-0.018512" m_d="1.366795" m_tx="-4.649000" m_ty="21.350000"/>
  </frame>
  <frame idx="250" w="294" h="429" x="-28.498512" y="-132.748596">
   <element name="base" layername="base" frame="1" z_index="19" m_a="1.000000" m_b="0.000000" m_c="0.000000" m_d="1.000000" m_tx="-9.499000" m_ty="-106.198997"/>
   <element name="shadow" layername="shadow" frame="0" z_index="20" m_a="0.999862" m_b="0.013542" m_c="-0.018512" m_d="1.366795" m_tx="-4.649000" m_ty="21.350000"/>
  </frame>
  <frame idx="275" w="294" h="429" x="-28.498512" y="-132.748596">
   <element name="base" layername="base" frame="1" z_index="19" m_a="1.000000" m_b="0.000000" m_c="0.000000" m_d="1.000000" m_tx="-9.499000" m_ty="-106.198997"/>
   <element name="shadow" layername="shadow" frame="0" z_index="20" m_a="0.999862" m_b="0.013542" m_c="-0.018512" m_d="1.366795" m_tx="-4.649000" m_ty="21.350000"/>
  </frame>
  <frame idx="300" w="294" h="429" x="-28.498512" y="-132.748596">
   <element name="base" layername="base" frame="1" z_index="19" m_a="1.000000" m_b="0.000000" m_c="0.000000" m_d="1.000000" m_tx="-9.499000" m_ty="-106.198997"/>
   <element name="shadow" layername="shadow" frame="0" z_index="20" m_a="0.999862" m_b="0.013542" m_c="-0.018512" m_d="1.366795" m_tx="-4.649000" m_ty="21.350000"/>
  </frame>
  <frame idx="325" w="294" h="429" x="-28.498512" y="-132.748596">
   <element name="base" layername="base" frame="1" z_index="19" m_a="1.000000" m_b="0.000000" m_c="0.000000" m_d="1.000000" m_tx="-9.499000" m_ty="-106.198997"/>
   <element name="shadow" layername="shadow" frame="0" z_index="20" m_a="0.999862" m_b="0.013542" m_c="-0.018512" m_d="1.366795" m_tx="-4.649000" m_ty="21.350000"/>
  </frame>
  <frame idx="350" w="294" h="429" x="-28.498512" y="-132.748596">
   <element name="base" layername="base" frame="1" z_index="19" m_a="1.000000" m_b="0.000000" m_c="0.000000" m_d="1.000000" m_tx="-9.499000" m_ty="-106.198997"/>
   <element name="shadow" layername="shadow" frame="0" z_index="20" m_a="0.999862" m_b="0.013542" m_c="-0.018512" m_d="1.366795" m_tx="-4.649000" m_ty="21.350000"/>
  </frame>
  <frame idx="375" w="294" h="429" x="-28.498512" y="-132.748596">
   <element name="base" layername="base" frame="1" z_index="19" m_a="1.000000" m_b="0.000000" m_c="0.000000" m_d="1.000000" m_tx="-9.499000" m_ty="-106.198997"/>
   <element name="shadow" layername="shadow" frame="0" z_index="20" m_a="0.999862" m_b="0.013542" m_c="-0.018512" m_d="1.366795" m_tx="-4.649000" m_ty="21.350000"/>
  </frame>
 </anim>
 <anim name="close" root="rotbox" numframes="350" framerate="40">
  <frame idx="0" w="306" h="441" x="-39.548302" y="-140.206451">
   <element name="door" layername="door" frame="1" z_index="18" m_a="0.731764" m_b="0.048219" m_c="-0.065543" m_d="0.994684" m_tx="-73.049004" m_ty="-98.598999"/>
   <element name="base" layername="base" frame="0" z_index="19" m_a="1.005200" m_b="0.000000" m_c="0.000000" m_d="0.996872" m_tx="-9.449000" m_ty="-105.749001"/>
   <element name="shadow" layername="shadow" frame="0" z_index="20" m_a="0.999862" m_b="0.013542" m_c="-0.018512" m_d="1.366795" m_tx="-4.649000" m_ty="21.350000"/>
  </frame>
  <frame idx="25" w="305" h="439" x="-38.474842" y="-139.268188">
   <element name="door" layername="door" frame="1" z_index="18" m_a="0.756606" m_b="0.046317" m_c="-0.060488" m_d="0.988091" m_tx="-73.968124" m_ty="-97.643120"/>
   <element name="base" layername="base" frame="0" z_index="19" m_a="1.016700" m_b="0.000000" m_c="0.000000" m_d="0.989961" m_tx="-9.412235" m_ty="-104.793114"/>
   <element name="shadow" layername="shadow" frame="0" z_index="20" m_a="0.999862" m_b="0.013542" m_c="-0.018512" m_d="1.366795" m_tx="-4.649000" m_ty="21.350000"/>
  </frame>
  <frame idx="50" w="304" h="434" x="-36.773834" y="-137.383102">
   <element name="door" layername="door" frame="1" z_index="18" m_a="0.792803" m_b="0.043759" m_c="-0.054001" m_d="0.978370" m_tx="-75.171730" m_ty="-96.353546"/>
   <element name="base" layername="base" frame="0" z_index="19" m_a="1.033466" m_b="0.000000" m_c="0.000000" m_d="0.979882" m_tx="-9.326273" m_ty="-103.382332"/>
   <element name="shadow" layername="shadow" frame="0" z_index="20" m_a="0.999862" m_b="0.013542" m_c="-0.018512" m_d="1.366795" m_tx="-4.649000" m_ty="21.350000"/>
  </frame>
  <frame idx="75" w="300" h="427" x="-33.970890" y="-135.044510">
   <element name="door" layername="door" frame="1" z_index="18" m_a="0.840901" m_b="0.040050" m_c="-0.045978" m_d="0.965384" m_tx="-76.729301" m_ty="-94.633850"/>
   <element name="base" layername="base" frame="0" z_index="19" m_a="1.055719" m_b="0.000000" m_c="0.000000" m_d="0.966501" m_tx="-9.212636" m_ty="-101.509605"/>
   <element name="shadow" layername="shadow" frame="0" z_index="20" m_a="0.999862" m_b="0.013542" m_c="-0.018512" m_d="1.366795" m_tx="-4.649000" m_ty="21.350000"/>
  </frame>
  <frame idx="100" w="298" h="419" x="-31.931808" y="-131.776276">
   <element name="door" layername="door" frame="1" z_index="18" m_a="0.900708" m_b="0.034570" m_c="-0.036431" m_d="0.949191" m_tx="-78.698997" m_ty="-92.399002"/>
   <element name="base" layername="base" frame="0" z_index="19" m_a="1.083340" m_b="0.000000" m_c="0.000000" m_d="0.949890" m_tx="-9.099000" m_ty="-99.198997"/>
   <element name="shadow" layername="shadow" frame="0" z_index="20" m_a="0.999862" m_b="0.013542" m_c="-0.018512" m_d="1.366795" m_tx="-4.649000" m_ty="21.350000"/>
  </frame>
  <frame idx="125" w="322" h="397" x="-30.812250" y="-123.026039">
   <element name="door" layername="door" frame="1" z_index="18" m_a="1.073500" m_b="0.025536" m_c="-0.021289" m_d="0.894952" m_tx="-82.994919" m_ty="-85.633118"/>
   <element name="base" layername="base" frame="0" z_index="19" m_a="1.172509" m_b="0.000000" m_c="0.000000" m_d="0.895205" m_tx="-6.157824" m_ty="-91.809296"/>
   <element name="shadow" layername="shadow" frame="0" z_index="20" m_a="0.999862" m_b="0.013542" m_c="-0.018512" m_d="1.366795" m_tx="-4.649000" m_ty="21.350000"/>
  </frame>
  <frame idx="150" w="322" h="398" x="-30.236862" y="-123.269966">
   <element name="door" layername="door" frame="0" z_index="18" m_a="1.112625" m_b="0.017790" m_c="-0.014342" m_d="0.896992" m_tx="-83.495438" m_ty="-85.814140"/>
   <element name="base" layername="base" frame="0" z_index="19" m_a="1.173216" m_b="0.000000" m_c="0.000000" m_d="0.897114" m_tx="-5.583848" m_ty="-92.058090"/>
   <element name="shadow" layername="shadow" frame="0" z_index="20" m_a="0.999862" m_b="0.013542" m_c="-0.018512" m_d="1.366795" m_tx="-4.649000" m_ty="21.350000"/>
  </frame>
  <frame idx="175" w="300" h="423" x="-29.664442" y="-132.607620">
   <element name="door" layername="door" frame="0" z_index="18" m_a="1.053596" m_b="0.010601" m_c="-0.009583" m_d="0.952390" m_tx="-80.910545" m_ty="-92.799690"/>
   <element name="base" layername="base" frame="0" z_index="19" m_a="1.092778" m_b="0.000000" m_c="0.000000" m_d="0.952450" m_tx="-6.850515" m_ty="-99.536880"/>
   <element name="shadow" layername="shadow" frame="0" z_index="20" m_a="0.999862" m_b="0.013542" m_c="-0.018512" m_d="1.366795" m_tx="-4.649000" m_ty="21.350000"/>
  </frame>
  <frame idx="200" w="299" h="469" x="-32.307259" y="-150.061584">
   <element name="door" layername="door" frame="0" z_index="18" m_a="0.945648" m_b="0.000000" m_c="0.000000" m_d="1.053670" m_tx="-76.135406" m_ty="-105.730705"/>
   <element name="base" layername="base" frame="0" z_index="19" m_a="0.945648" m_b="0.000000" m_c="0.000000" m_d="1.053670" m_tx="-9.199000" m_ty="-113.249001"/>
   <element name="shadow" layername="shadow" frame="0" z_index="20" m_a="0.999862" m_b="0.013542" m_c="-0.018512" m_d="1.366795" m_tx="-4.649000" m_ty="21.350000"/>
  </frame>
  <frame idx="225" w="299" h="460" x="-32.382584" y="-146.826218">
   <element name="door" layername="door" frame="0" z_index="18" m_a="0.963128" m_b="0.000000" m_c="0.000000" m_d="1.036398" m_tx="-77.459709" m_ty="-103.596191"/>
   <element name="base" layername="base" frame="0" z_index="19" m_a="0.963128" m_b="0.000000" m_c="0.000000" m_d="1.036398" m_tx="-9.309294" m_ty="-110.969589"/>
   <element name="shadow" layername="shadow" frame="0" z_index="20" m_a="0.999862" m_b="0.013542" m_c="-0.018512" m_d="1.366795" m_tx="-4.649000" m_ty="21.350000"/>
  </frame>
  <frame idx="250" w="299" h="454" x="-32.417454" y="-144.451324">
   <element name="door" layername="door" frame="0" z_index="18" m_a="0.977663" m_b="0.000000" m_c="0.000000" m_d="1.022049" m_tx="-78.581070" m_ty="-101.808571"/>
   <element name="base" layername="base" frame="0" z_index="19" m_a="0.977663" m_b="0.000000" m_c="0.000000" m_d="1.022049" m_tx="-9.373242" m_ty="-109.058090"/>
   <element name="shadow" layername="shadow" frame="0" z_index="20" m_a="0.999862" m_b="0.013542" m_c="-0.018512" m_d="1.366795" m_tx="-4.649000" m_ty="21.350000"/>
  </frame>
  <frame idx="275" w="299" h="448" x="-32.445000" y="-142.517441">
   <element name="door" layername="door" frame="0" z_index="18" m_a="0.988887" m_b="0.000000" m_c="0.000000" m_d="1.010974" m_tx="-79.449600" m_ty="-100.422333"/>
   <element name="base" layername="base" frame="0" z_index="19" m_a="0.988887" m_b="0.000000" m_c="0.000000" m_d="1.010974" m_tx="-9.423243" m_ty="-107.595970"/>
   <element name="shadow" layername="shadow" frame="0" z_index="20" m_a="0.999862" m_b="0.013542" m_c="-0.018512" m_d="1.366795" m_tx="-4.649000" m_ty="21.350000"/>
  </frame>
  <frame idx="300" w="299" h="445" x="-32.505333" y="-141.589905">
   <element name="door" layername="door" frame="0" z_index="18" m_a="0.996597" m_b="0.000000" m_c="0.000000" m_d="1.003360" m_tx="-80.023445" m_ty="-99.474419"/>
   <element name="base" layername="base" frame="0" z_index="19" m_a="0.996597" m_b="0.000000" m_c="0.000000" m_d="1.003360" m_tx="-9.499000" m_ty="-106.649002"/>
   <element name="shadow" layername="shadow" frame="0" z_index="20" m_a="0.999862" m_b="0.013542" m_c="-0.018512" m_d="1.366795" m_tx="-4.649000" m_ty="21.350000"/>
  </frame>
  <frame idx="325" w="299" h="443" x="-32.500328" y="-140.765320">
   <element name="door" layername="door" frame="0" z_index="18" m_a="0.999099" m_b="0.000000" m_c="0.000000" m_d="1.000889" m_tx="-80.233696" m_ty="-99.179985"/>
   <element name="base" layername="base" frame="0" z_index="19" m_a="0.999099" m_b="0.000000" m_c="0.000000" m_d="1.000889" m_tx="-9.499000" m_ty="-106.318115"/>
   <element name="shadow" layername="shadow" frame="0" z_index="20" m_a="0.999862" m_b="0.013542" m_c="-0.018512" m_d="1.366795" m_tx="-4.649000" m_ty="21.350000"/>
  </frame>
 </anim>
 <anim name="closed" root="rotbox" numframes="125" framerate="40">
  <frame idx="0" w="299" h="443" x="-32.498528" y="-140.648468">
   <element name="door" layername="door" frame="0" z_index="18" m_a="1.000000" m_b="0.000000" m_c="0.000000" m_d="1.000000" m_tx="-69.749001" m_ty="-98.948997"/>
   <element name="base" layername="base" frame="0" z_index="19" m_a="1.000000" m_b="0.000000" m_c="0.000000" m_d="1.000000" m_tx="-9.499000" m_ty="-106.198997"/>
   <element name="shadow" layername="shadow" frame="0" z_index="20" m_a="0.999862" m_b="0.013542" m_c="-0.018512" m_d="1.366795" m_tx="-4.649000" m_ty="21.350000"/>
  </frame>
  <frame idx="25" w="299" h="443" x="-32.498528" y="-140.648468">
   <element name="door" layername="door" frame="0" z_index="18" m_a="1.000000" m_b="0.000000" m_c="0.000000" m_d="1.000000" m_tx="-69.749001" m_ty="-98.948997"/>
   <element name="base" layername="base" frame="0" z_index="19" m_a="1.000000" m_b="0.000000" m_c="0.000000" m_d="1.000000" m_tx="-9.499000" m_ty="-106.198997"/>
   <element name="shadow" layername="shadow" frame="0" z_index="20" m_a="0.999862" m_b="0.013542" m_c="-0.018512" m_d="1.366795" m_tx="-4.649000" m_ty="21.350000"/>
  </frame>
  <frame idx="50" w="299" h="443" x="-32.498528" y="-140.648468">
   <element name="door" layername="door" frame="0" z_index="18" m_a="1.000000" m_b="0.000000" m_c="0.000000" m_d="1.000000" m_tx="-69.749001" m_ty="-98.948997"/>
   <element name="base" layername="base" frame="0" z_index="19" m_a="1.000000" m_b="0.000000" m_c="0.000000" m_d="1.000000" m_tx="-9.499000" m_ty="-106.198997"/>
   <element name="shadow" layername="shadow" frame="0" z_index="20" m_a="0.999862" m_b="0.013542" m_c="-0.018512" m_d="1.366795" m_tx="-4.649000" m_ty="21.350000"/>
  </frame>
  <frame idx="75" w="299" h="443" x="-32.498528" y="-140.648468">
   <element name="door" layername="door" frame="0" z_index="18" m_a="1.000000" m_b="0.000000" m_c="0.000000" m_d="1.000000" m_tx="-69.749001" m_ty="-98.948997"/>
   <element name="base" layername="base" frame="0" z_index="19" m_a="1.000000" m_b="0.000000" m_c="0.000000" m_d="1.000000" m_tx="-9.499000" m_ty="-106.198997"/>
   <element name="shadow" layername="shadow" frame="0" z_index="20" m_a="0.999862" m_b="0.013542" m_c="-0.018512" m_d="1.366795" m_tx="-4.649000" m_ty="21.350000"/>
  </frame>
  <frame idx="100" w="299" h="443" x="-32.498528" y="-140.648468">
   <element name="door" layername="door" frame="0" z_index="18" m_a="1.000000" m_b="0.000000" m_c="0.000000" m_d="1.000000" m_tx="-69.749001" m_ty="-98.948997"/>
   <element name="base" layername="base" frame="0" z_index="19" m_a="1.000000" m_b="0.000000" m_c="0.000000" m_d="1.000000" m_tx="-9.499000" m_ty="-106.198997"/>
   <element name="shadow" layername="shadow" frame="0" z_index="20" m_a="0.999862" m_b="0.013542" m_c="-0.018512" m_d="1.366795" m_tx="-4.649000" m_ty="21.350000"/>
  </frame>
 </anim>
 <anim name="hit" root="rotbox" numframes="350" framerate="40">
  <frame idx="0" w="305" h="433" x="-38.545193" y="-140.188904">
   <element name="door" layername="door" frame="0" z_index="18" m_a="0.999778" m_b="-0.021066" m_c="0.021085" m_d="1.000668" m_tx="-75.049004" m_ty="-98.948997"/>
   <element name="base" layername="base" frame="0" z_index="19" m_a="0.999778" m_b="-0.021066" m_c="0.021085" m_d="1.000668" m_tx="-15.099000" m_ty="-106.198997"/>
   <element name="shadow" layername="shadow" frame="0" z_index="20" m_a="0.999862" m_b="0.013542" m_c="-0.018512" m_d="1.366795" m_tx="-4.649000" m_ty="21.350000"/>
  </frame>
  <frame idx="25" w="302" h="440" x="-34.833427" y="-140.658356">
   <element name="door" layername="door" frame="0" z_index="18" m_a="0.999982" m_b="-0.005930" m_c="0.005934" m_d="1.000769" m_tx="-71.446060" m_ty="-98.912239"/>
   <element name="base" layername="base" frame="0" z_index="19" m_a="0.999982" m_b="-0.005930" m_c="0.005934" m_d="1.000769" m_tx="-11.349000" m_ty="-106.198997"/>
   <element name="shadow" layername="shadow" frame="0" z_index="20" m_a="0.999862" m_b="0.013542" m_c="-0.018512" m_d="1.366795" m_tx="-4.649000" m_ty="21.350000"/>
  </frame>
  <frame idx="50" w="297" h="448" x="-30.546572" y="-141.130600">
   <element name="door" layername="door" frame="0" z_index="18" m_a="0.999967" m_b="0.008113" m_c="-0.008119" m_d="1.000639" m_tx="-67.845970" m_ty="-98.923241"/>
   <element name="base" layername="base" frame="0" z_index="19" m_a="0.999967" m_b="0.008113" m_c="-0.008119" m_d="1.000639" m_tx="-7.526272" m_ty="-106.198997"/>
   <element name="shadow" layername="shadow" frame="0" z_index="20" m_a="0.999862" m_b="0.013542" m_c="-0.018512" m_d="1.366795" m_tx="-4.649000" m_ty="21.350000"/>
  </frame>
  <frame idx="75" w="296" h="449" x="-29.467321" y="-141.111694">
   <element name="door" layername="door" frame="0" z_index="18" m_a="0.999934" m_b="0.011467" m_c="-0.011475" m_d="1.000672" m_tx="-66.853546" m_ty="-98.948997"/>
   <element name="base" layername="base" frame="0" z_index="19" m_a="0.999934" m_b="0.011467" m_c="-0.011475" m_d="1.000672" m_tx="-6.438394" m_ty="-106.186874"/>
   <element name="shadow" layername="shadow" frame="0" z_index="20" m_a="0.999862" m_b="0.013542" m_c="-0.018512" m_d="1.366795" m_tx="-4.649000" m_ty="21.350000"/>
  </frame>
  <frame idx="100" w="302" h="440" x="-34.731758" y="-140.608627">
   <element name="door" layername="door" frame="0" z_index="18" m_a="0.999978" m_b="-0.006584" m_c="0.006592" m_d="1.001178" m_tx="-71.399002" m_ty="-98.948997"/>
   <element name="base" layername="base" frame="0" z_index="19" m_a="0.999978" m_b="-0.006584" m_c="0.006592" m_d="1.001178" m_tx="-11.249000" m_ty="-106.149002"/>
   <element name="shadow" layername="shadow" frame="0" z_index="20" m_a="0.999862" m_b="0.013542" m_c="-0.018512" m_d="1.366795" m_tx="-4.649000" m_ty="21.350000"/>
  </frame>
  <frame idx="125" w="306" h="430" x="-39.393021" y="-139.680176">
   <element name="door" layername="door" frame="0" z_index="18" m_a="0.999706" m_b="-0.024258" m_c="0.024300" m_d="1.001405" m_tx="-75.847527" m_ty="-98.948997"/>
   <element name="base" layername="base" frame="0" z_index="19" m_a="0.999706" m_b="-0.024258" m_c="0.024300" m_d="1.001405" m_tx="-15.954883" m_ty="-106.185760"/>
   <element name="shadow" layername="shadow" frame="0" z_index="20" m_a="0.999862" m_b="0.013542" m_c="-0.018512" m_d="1.366795" m_tx="-4.649000" m_ty="21.350000"/>
  </frame>
  <frame idx="150" w="308" h="430" x="-40.371944" y="-139.696381">
   <element name="door" layername="door" frame="0" z_index="18" m_a="0.999675" m_b="-0.025490" m_c="0.025529" m_d="1.001201" m_tx="-76.309601" m_ty="-98.948997"/>
   <element name="base" layername="base" frame="0" z_index="19" m_a="0.999675" m_b="-0.025490" m_c="0.025529" m_d="1.001201" m_tx="-16.436878" m_ty="-106.198997"/>
   <element name="shadow" layername="shadow" frame="0" z_index="20" m_a="0.999862" m_b="0.013542" m_c="-0.018512" m_d="1.366795" m_tx="-4.649000" m_ty="21.350000"/>
  </frame>
  <frame idx="175" w="305" h="434" x="-38.104950" y="-140.182983">
   <element name="door" layername="door" frame="0" z_index="18" m_a="0.999831" m_b="-0.018386" m_c="0.018405" m_d="1.000884" m_tx="-74.626274" m_ty="-98.948997"/>
   <element name="base" layername="base" frame="0" z_index="19" m_a="0.999831" m_b="-0.018386" m_c="0.018405" m_d="1.000884" m_tx="-14.652030" m_ty="-106.198997"/>
   <element name="shadow" layername="shadow" frame="0" z_index="20" m_a="0.999862" m_b="0.013542" m_c="-0.018512" m_d="1.366795" m_tx="-4.649000" m_ty="21.350000"/>
  </frame>
  <frame idx="200" w="303" h="436" x="-36.564957" y="-140.173218">
   <element name="door" layername="door" frame="0" z_index="18" m_a="0.999913" m_b="-0.013221" m_c="0.013231" m_d="1.000662" m_tx="-73.149002" m_ty="-98.948997"/>
   <element name="base" layername="base" frame="0" z_index="19" m_a="0.999913" m_b="-0.013221" m_c="0.013231" m_d="1.000662" m_tx="-13.099000" m_ty="-106.198997"/>
   <element name="shadow" layername="shadow" frame="0" z_index="20" m_a="0.999862" m_b="0.013542" m_c="-0.018512" m_d="1.366795" m_tx="-4.649000" m_ty="21.350000"/>
  </frame>
  <frame idx="225" w="302" h="439" x="-35.437172" y="-140.664276">
   <element name="door" layername="door" frame="0" z_index="18" m_a="0.999964" m_b="-0.008513" m_c="0.008517" m_d="1.000478" m_tx="-72.046059" m_ty="-98.948997"/>
   <element name="base" layername="base" frame="0" z_index="19" m_a="0.999964" m_b="-0.008513" m_c="0.008517" m_d="1.000478" m_tx="-11.959294" m_ty="-106.198997"/>
   <element name="shadow" layername="shadow" frame="0" z_index="20" m_a="0.999862" m_b="0.013542" m_c="-0.018512" m_d="1.366795" m_tx="-4.649000" m_ty="21.350000"/>
  </frame>
  <frame idx="250" w="300" h="441" x="-33.954693" y="-140.657104">
   <element name="door" layername="door" frame="0" z_index="18" m_a="0.999989" m_b="-0.004718" m_c="0.004719" m_d="1.000307" m_tx="-71.115669" m_ty="-98.948997"/>
   <element name="base" layername="base" frame="0" z_index="19" m_a="0.999989" m_b="-0.004718" m_c="0.004719" m_d="1.000307" m_tx="-10.967181" m_ty="-106.198997"/>
   <element name="shadow" layername="shadow" frame="0" z_index="20" m_a="0.999862" m_b="0.013542" m_c="-0.018512" m_d="1.366795" m_tx="-4.649000" m_ty="21.350000"/>
  </frame>
  <frame idx="275" w="300" h="442" x="-33.198139" y="-140.651932">
   <element name="door" layername="door" frame="0" z_index="18" m_a="0.999998" m_b="-0.001936" m_c="0.001936" m_d="1.000157" m_tx="-70.391426" m_ty="-98.948997"/>
   <element name="base" layername="base" frame="0" z_index="19" m_a="0.999998" m_b="-0.001936" m_c="0.001936" m_d="1.000157" m_tx="-10.203546" m_ty="-106.198997"/>
   <element name="shadow" layername="shadow" frame="0" z_index="20" m_a="0.999862" m_b="0.013542" m_c="-0.018512" m_d="1.366795" m_tx="-4.649000" m_ty="21.350000"/>
  </frame>
  <frame idx="300" w="299" h="443" x="-32.747982" y="-140.648804">
   <element name="door" layername="door" frame="0" z_index="18" m_a="1.000000" m_b="-0.000214" m_c="0.000214" m_d="1.000030" m_tx="-69.899002" m_ty="-98.948997"/>
   <element name="base" layername="base" frame="0" z_index="19" m_a="1.000000" m_b="-0.000214" m_c="0.000214" m_d="1.000030" m_tx="-9.749000" m_ty="-106.198997"/>
   <element name="shadow" layername="shadow" frame="0" z_index="20" m_a="0.999862" m_b="0.013542" m_c="-0.018512" m_d="1.366795" m_tx="-4.649000" m_ty="21.350000"/>
  </frame>
  <frame idx="325" w="299" h="443" x="-32.564560" y="-140.648560">
   <element name="door" layername="door" frame="0" z_index="18" m_a="1.000000" m_b="-0.000057" m_c="0.000057" m_d="1.000008" m_tx="-69.788704" m_ty="-98.948997"/>
   <element name="base" layername="base" frame="0" z_index="19" m_a="1.000000" m_b="-0.000057" m_c="0.000057" m_d="1.000008" m_tx="-9.565176" m_ty="-106.198997"/>
   <element name="shadow" layername="shadow" frame="0" z_index="20" m_a="0.999862" m_b="0.013542" m_c="-0.018512" m_d="1.366795" m_tx="-4.649000" m_ty="21.350000"/>
  </frame>
 </anim>
 <anim name="idle" root="rotbox" numframes="100" framerate="40">
  <frame idx="0" w="299" h="443" x="-32.498528" y="-140.648468">
   <element name="door" layername="door" frame="0" z_index="18" m_a="1.000000" m_b="0.000000" m_c="0.000000" m_d="1.000000" m_tx="-69.749001" m_ty="-98.948997"/>
   <element name="base" layername="base" frame="0" z_index="19" m_a="1.000000" m_b="0.000000" m_c="0.000000" m_d="1.000000" m_tx="-9.499000" m_ty="-106.198997"/>
   <element name="shadow" layername="shadow" frame="0" z_index="20" m_a="0.999862" m_b="0.013542" m_c="-0.018512" m_d="1.366795" m_tx="-4.649000" m_ty="21.350000"/>
  </frame>
  <frame idx="25" w="299" h="443" x="-32.498528" y="-140.648468">
   <element name="door" layername="door" frame="0" z_index="18" m_a="1.000000" m_b="0.000000" m_c="0.000000" m_d="1.000000" m_tx="-69.749001" m_ty="-98.948997"/>
   <element name="base" layername="base" frame="0" z_index="19" m_a="1.000000" m_b="0.000000" m_c="0.000000" m_d="1.000000" m_tx="-9.499000" m_ty="-106.198997"/>
   <element name="shadow" layername="shadow" frame="0" z_index="20" m_a="0.999862" m_b="0.013542" m_c="-0.018512" m_d="1.366795" m_tx="-4.649000" m_ty="21.350000"/>
  </frame>
  <frame idx="50" w="299" h="443" x="-32.498528" y="-140.648468">
   <element name="door" layername="door" frame="0" z_index="18" m_a="1.000000" m_b="0.000000" m_c="0.000000" m_d="1.000000" m_tx="-69.749001" m_ty="-98.948997"/>
   <element name="base" layername="base" frame="0" z_index="19" m_a="1.000000" m_b="0.000000" m_c="0.000000" m_d="1.000000" m_tx="-9.499000" m_ty="-106.198997"/>
   <element name="shadow" layername="shadow" frame="0" z_index="20" m_a="0.999862" m_b="0.013542" m_c="-0.018512" m_d="1.366795" m_tx="-4.649000" m_ty="21.350000"/>
  </frame>
  <frame idx="75" w="299" h="443" x="-32.498528" y="-140.648468">
   <element name="door" layername="door" frame="0" z_index="18" m_a="1.000000" m_b="0.000000" m_c="0.000000" m_d="1.000000" m_tx="-69.749001" m_ty="-98.948997"/>
   <element name="base" layername="base" frame="0" z_index="19" m_a="1.000000" m_b="0.000000" m_c="0.000000" m_d="1.000000" m_tx="-9.499000" m_ty="-106.198997"/>
   <element name="shadow" layername="shadow" frame="0" z_index="20" m_a="0.999862" m_b="0.013542" m_c="-0.018512" m_d="1.366795" m_tx="-4.649000" m_ty="21.350000"/>
  </frame>
 </anim>
 <anim name="open" root="rotbox" numframes="225" framerate="40">
  <frame idx="0" w="297" h="422" x="-30.785408" y="-131.645111">
   <element name="door" layername="door" frame="0" z_index="18" m_a="1.081540" m_b="0.000000" m_c="0.000000" m_d="0.942505" m_tx="-73.098999" m_ty="-91.749001"/>
   <element name="base" layername="base" frame="0" z_index="19" m_a="1.081540" m_b="0.000000" m_c="0.000000" m_d="0.942505" m_tx="-7.949000" m_ty="-98.549004"/>
   <element name="shadow" layername="shadow" frame="0" z_index="20" m_a="0.999862" m_b="0.013542" m_c="-0.018512" m_d="1.366795" m_tx="-4.649000" m_ty="21.350000"/>
  </frame>
  <frame idx="25" w="306" h="411" x="-31.912333" y="-128.294403">
   <element name="door" layername="door" frame="0" z_index="18" m_a="0.960604" m_b="0.036569" m_c="-0.035273" m_d="0.926541" m_tx="-72.224045" m_ty="-89.063705"/>
   <element name="base" layername="base" frame="0" z_index="19" m_a="1.117334" m_b="0.000000" m_c="0.000000" m_d="0.927212" m_tx="-8.647530" m_ty="-96.159294"/>
   <element name="shadow" layername="shadow" frame="0" z_index="20" m_a="0.999862" m_b="0.013542" m_c="-0.018512" m_d="1.366795" m_tx="-4.649000" m_ty="21.350000"/>
  </frame>
  <frame idx="50" w="304" h="412" x="-32.304707" y="-129.304214">
   <element name="door" layername="door" frame="1" z_index="18" m_a="0.882429" m_b="0.047967" m_c="-0.050769" m_d="0.933985" m_tx="-70.529892" m_ty="-89.713745"/>
   <element name="base" layername="base" frame="0" z_index="19" m_a="1.107490" m_b="0.000000" m_c="0.000000" m_d="0.935371" m_tx="-9.020212" m_ty="-97.189911"/>
   <element name="shadow" layername="shadow" frame="0" z_index="20" m_a="0.999862" m_b="0.013542" m_c="-0.018512" m_d="1.366795" m_tx="-4.649000" m_ty="21.350000"/>
  </frame>
  <frame idx="75" w="298" h="422" x="-32.047974" y="-133.014221">
   <element name="door" layername="door" frame="1" z_index="18" m_a="0.832620" m_b="0.048429" m_c="-0.055464" m_d="0.953575" m_tx="-68.733292" m_ty="-92.289452"/>
   <element name="base" layername="base" frame="0" z_index="19" m_a="1.074501" m_b="0.000000" m_c="0.000000" m_d="0.955206" m_tx="-9.197485" m_ty="-99.950516"/>
   <element name="shadow" layername="shadow" frame="0" z_index="20" m_a="0.999862" m_b="0.013542" m_c="-0.018512" m_d="1.366795" m_tx="-4.649000" m_ty="21.350000"/>
  </frame>
  <frame idx="100" w="299" h="429" x="-32.254745" y="-135.820343">
   <element name="door" layername="door" frame="1" z_index="18" m_a="0.791031" m_b="0.048686" m_c="-0.059698" m_d="0.969952" m_tx="-67.230766" m_ty="-94.481483"/>
   <element name="base" layername="base" frame="0" z_index="19" m_a="1.046880" m_b="0.000000" m_c="0.000000" m_d="0.971817" m_tx="-9.349000" m_ty="-102.299004"/>
   <element name="shadow" layername="shadow" frame="0" z_index="20" m_a="0.999862" m_b="0.013542" m_c="-0.018512" m_d="1.366795" m_tx="-4.649000" m_ty="21.350000"/>
  </frame>
  <frame idx="125" w="299" h="435" x="-32.366592" y="-137.871857">
   <element name="door" layername="door" frame="1" z_index="18" m_a="0.762204" m_b="0.049220" m_c="-0.063365" m_d="0.981254" m_tx="-66.194397" m_ty="-95.944672"/>
   <element name="base" layername="base" frame="0" z_index="19" m_a="1.027726" m_b="0.000000" m_c="0.000000" m_d="0.983329" m_tx="-9.422529" m_ty="-103.879883"/>
   <element name="shadow" layername="shadow" frame="0" z_index="20" m_a="0.999862" m_b="0.013542" m_c="-0.018512" m_d="1.366795" m_tx="-4.649000" m_ty="21.350000"/>
  </frame>
  <frame idx="150" w="299" h="439" x="-32.446259" y="-139.524841">
   <element name="door" layername="door" frame="1" z_index="18" m_a="0.740461" m_b="0.048812" m_c="-0.065252" m_d="0.989851" m_tx="-65.415543" m_ty="-97.059402"/>
   <element name="base" layername="base" frame="0" z_index="19" m_a="1.013252" m_b="0.000000" m_c="0.000000" m_d="0.992037" m_tx="-9.473243" m_ty="-105.055061"/>
   <element name="shadow" layername="shadow" frame="0" z_index="20" m_a="0.999862" m_b="0.013542" m_c="-0.018512" m_d="1.366795" m_tx="-4.649000" m_ty="21.350000"/>
  </frame>
  <frame idx="175" w="299" h="442" x="-32.490646" y="-140.275696">
   <element name="door" layername="door" frame="1" z_index="18" m_a="0.726542" m_b="0.048526" m_c="-0.066483" m_d="0.995385" m_tx="-64.908249" m_ty="-97.825546"/>
   <element name="base" layername="base" frame="0" z_index="19" m_a="1.003939" m_b="0.000000" m_c="0.000000" m_d="0.997642" m_tx="-9.499000" m_ty="-105.820213"/>
   <element name="shadow" layername="shadow" frame="0" z_index="20" m_a="0.999862" m_b="0.013542" m_c="-0.018512" m_d="1.366795" m_tx="-4.649000" m_ty="21.350000"/>
  </frame>
  <frame idx="200" w="299" h="443" x="-32.498528" y="-140.648468">
   <element name="door" layername="door" frame="1" z_index="18" m_a="0.720778" m_b="0.049492" m_c="-0.068502" m_d="0.997636" m_tx="-64.670143" m_ty="-98.268982"/>
   <element name="base" layername="base" frame="0" z_index="19" m_a="1.000000" m_b="0.000000" m_c="0.000000" m_d="1.000000" m_tx="-9.499000" m_ty="-106.198997"/>
   <element name="shadow" layername="shadow" frame="0" z_index="20" m_a="0.999862" m_b="0.013542" m_c="-0.018512" m_d="1.366795" m_tx="-4.649000" m_ty="21.350000"/>
  </frame>
 </anim>
 <anim name="place" root="rotbox" numframes="450" framerate="40">
  <frame idx="0" w="293" h="28" x="-27.051945" y="19.118303">
   <element name="shadow" layername="shadow" frame="0" z_index="20" m_a="0.999862" m_b="0.013542" m_c="-0.018512" m_d="1.366795" m_tx="-4.649000" m_ty="21.350000"/>
  </frame>
  <frame idx="25" w="293" h="28" x="-27.051945" y="19.118303">
   <element name="shadow" layername="shadow" frame="0" z_index="20" m_a="0.999862" m_b="0.013542" m_c="-0.018512" m_d="1.366795" m_tx="-4.649000" m_ty="21.350000"/>
  </frame>
  <frame idx="50" w="298" h="662" x="-31.958666" y="-306.831726">
   <element name="shadow" layername="shadow" frame="0" z_index="20" m_a="0.999862" m_b="0.013542" m_c="-0.018512" m_d="1.366795" m_tx="-4.649000" m_ty="21.350000"/>
   <element name="base" layername="base" frame="0" z_index="19" m_a="0.391287" m_b="0.000000" m_c="0.000000" m_d="1.124178" m_tx="-7.741425" m_ty="-254.199005"/>
  </frame>
  <frame idx="75" w="299" h="616" x="-32.446964" y="-261.796875">
   <element name="shadow" layername="shadow" frame="0" z_index="20" m_a="0.999862" m_b="0.013542" m_c="-0.018512" m_d="1.366795" m_tx="-4.649000" m_ty="21.350000"/>
   <element name="base" layername="base" frame="0" z_index="19" m_a="0.457727" m_b="0.000000" m_c="0.000000" m_d="1.137855" m_tx="-8.362637" m_ty="-213.199005"/>
  </frame>
  <frame idx="100" w="300" h="533" x="-33.340218" y="-179.733063">
   <element name="shadow" layername="shadow" frame="0" z_index="20" m_a="0.999862" m_b="0.013542" m_c="-0.018512" m_d="1.366795" m_tx="-4.649000" m_ty="21.350000"/>
   <element name="base" layername="base" frame="0" z_index="19" m_a="0.579254" m_b="0.000000" m_c="0.000000" m_d="1.162870" m_tx="-9.499000" m_ty="-138.199005"/>
   <element name="door" layername="door" frame="2" z_index="18" m_a="0.390656" m_b="0.000000" m_c="0.000000" m_d="1.059400" m_tx="37.250000" m_ty="61.049999"/>
  </frame>
  <frame idx="125" w="312" h="405" x="-34.070847" y="-130.019028">
   <element name="shadow" layername="shadow" frame="0" z_index="20" m_a="0.999862" m_b="0.013542" m_c="-0.018512" m_d="1.366795" m_tx="-4.649000" m_ty="21.350000"/>
   <element name="base" layername="base" frame="0" z_index="19" m_a="1.007957" m_b="0.000000" m_c="0.000000" m_d="0.912369" m_tx="-10.087235" m_ty="-98.346062"/>
   <element name="door" layername="door" frame="2" z_index="18" m_a="0.505467" m_b="0.000000" m_c="0.000000" m_d="1.033628" m_tx="22.544117" m_ty="56.638233"/>
  </frame>
  <frame idx="150" w="418" h="352" x="-42.985962" y="-109.857918">
   <element name="shadow" layername="shadow" frame="0" z_index="20" m_a="0.999862" m_b="0.013542" m_c="-0.018512" m_d="1.366795" m_tx="-4.649000" m_ty="21.350000"/>
   <element name="base" layername="base" frame="0" z_index="19" m_a="1.180482" m_b="0.000000" m_c="0.000000" m_d="0.809760" m_tx="-10.347485" m_ty="-82.423241"/>
   <element name="door" layername="door" frame="2" z_index="18" m_a="0.773907" m_b="0.000000" m_c="0.000000" m_d="0.973400" m_tx="-11.840425" m_ty="46.322727"/>
  </frame>
  <frame idx="175" w="511" h="344" x="-50.973679" y="-107.146873">
   <element name="shadow" layername="shadow" frame="0" z_index="20" m_a="0.999862" m_b="0.013542" m_c="-0.018512" m_d="1.366795" m_tx="-4.649000" m_ty="21.350000"/>
   <element name="base" layername="base" frame="0" z_index="19" m_a="1.206314" m_b="0.000000" m_c="0.000000" m_d="0.792112" m_tx="-10.386879" m_ty="-80.167183"/>
   <element name="door" layername="door" frame="2" z_index="18" m_a="1.016795" m_b="-0.001151" m_c="0.001002" m_d="0.885102" m_tx="-44.688393" m_ty="35.110603"/>
  </frame>
  <frame idx="200" w="507" h="338" x="-50.395142" y="-104.864098">
   <element name="shadow" layername="shadow" frame="0" z_index="20" m_a="0.999862" m_b="0.013542" m_c="-0.018512" m_d="1.366795" m_tx="-4.649000" m_ty="21.350000"/>
   <element name="base" layername="base" frame="0" z_index="19" m_a="1.226640" m_b="0.000000" m_c="0.000000" m_d="0.778229" m_tx="-10.349000" m_ty="-78.348999"/>
   <element name="door" layername="door" frame="2" z_index="18" m_a="1.021739" m_b="-0.004772" m_c="0.003635" m_d="0.778336" m_tx="-50.749001" m_ty="29.049999"/>
  </frame>
  <frame idx="225" w="515" h="333" x="-50.908253" y="-103.392059">
   <element name="shadow" layername="shadow" frame="0" z_index="20" m_a="0.999862" m_b="0.013542" m_c="-0.018512" m_d="1.366795" m_tx="-4.649000" m_ty="21.350000"/>
   <element name="base" layername="base" frame="0" z_index="19" m_a="1.238464" m_b="0.000000" m_c="0.000000" m_d="0.770150" m_tx="-10.385765" m_ty="-77.356354"/>
   <element name="door" layername="door" frame="2" z_index="18" m_a="1.041912" m_b="0.000183" m_c="-0.000126" m_d="0.719776" m_tx="-52.219589" m_ty="17.285294"/>
  </frame>
  <frame idx="250" w="503" h="332" x="-49.907772" y="-102.804222">
   <element name="shadow" layername="shadow" frame="0" z_index="20" m_a="0.999862" m_b="0.013542" m_c="-0.018512" m_d="1.366795" m_tx="-4.649000" m_ty="21.350000"/>
   <element name="base" layername="base" frame="0" z_index="19" m_a="1.245319" m_b="0.000000" m_c="0.000000" m_d="0.765467" m_tx="-10.399000" m_ty="-76.756577"/>
   <element name="door" layername="door" frame="2" z_index="18" m_a="1.030482" m_b="0.070401" m_c="-0.048293" m_d="0.706879" m_tx="-49.289330" m_ty="-3.460915"/>
  </frame>
  <frame idx="275" w="327" h="401" x="-35.103291" y="-118.347275">
   <element name="shadow" layername="shadow" frame="0" z_index="20" m_a="0.999862" m_b="0.013542" m_c="-0.018512" m_d="1.366795" m_tx="-4.649000" m_ty="21.350000"/>
   <element name="base" layername="base" frame="0" z_index="19" m_a="1.191513" m_b="0.000000" m_c="0.000000" m_d="0.847202" m_tx="-9.986879" m_ty="-87.008095"/>
   <element name="door" layername="door" frame="0" z_index="18" m_a="0.989783" m_b="0.104348" m_c="-0.085087" m_d="0.807088" m_tx="-56.620937" m_ty="15.088655"/>
  </frame>
  <frame idx="300" w="298" h="495" x="-31.669041" y="-158.521667">
   <element name="shadow" layername="shadow" frame="0" z_index="20" m_a="0.999862" m_b="0.013542" m_c="-0.018512" m_d="1.366795" m_tx="-4.649000" m_ty="21.350000"/>
   <element name="base" layername="base" frame="0" z_index="19" m_a="1.014740" m_b="0.000000" m_c="0.000000" m_d="1.108520" m_tx="-8.699000" m_ty="-119.848999"/>
   <element name="door" layername="door" frame="0" z_index="18" m_a="0.931793" m_b="0.000000" m_c="0.000000" m_d="1.100890" m_tx="-60.283855" m_ty="4.574392"/>
  </frame>
  <frame idx="325" w="298" h="522" x="-31.754509" y="-167.359985">
   <element name="shadow" layername="shadow" frame="0" z_index="20" m_a="0.999862" m_b="0.013542" m_c="-0.018512" m_d="1.366795" m_tx="-4.649000" m_ty="21.350000"/>
   <element name="base" layername="base" frame="0" z_index="19" m_a="0.953638" m_b="0.000000" m_c="0.000000" m_d="1.166145" m_tx="-8.662235" m_ty="-126.834290"/>
   <element name="door" layername="door" frame="0" z_index="18" m_a="0.888328" m_b="0.000000" m_c="0.000000" m_d="1.162441" m_tx="-58.851292" m_ty="3.568612"/>
  </frame>
  <frame idx="350" w="298" h="518" x="-31.884394" y="-166.141266">
   <element name="shadow" layername="shadow" frame="0" z_index="20" m_a="0.999862" m_b="0.013542" m_c="-0.018512" m_d="1.366795" m_tx="-4.649000" m_ty="21.350000"/>
   <element name="base" layername="base" frame="0" z_index="19" m_a="0.942686" m_b="0.000000" m_c="0.000000" m_d="1.156684" m_tx="-8.770212" m_ty="-125.591423"/>
   <element name="door" layername="door" frame="0" z_index="18" m_a="0.893248" m_b="0.000000" m_c="0.000000" m_d="1.154758" m_tx="-60.038788" m_ty="3.353441"/>
  </frame>
  <frame idx="375" w="298" h="495" x="-32.039253" y="-158.390411">
   <element name="shadow" layername="shadow" frame="0" z_index="20" m_a="0.999862" m_b="0.013542" m_c="-0.018512" m_d="1.366795" m_tx="-4.649000" m_ty="21.350000"/>
   <element name="base" layername="base" frame="0" z_index="19" m_a="0.959949" m_b="0.000000" m_c="0.000000" m_d="1.109489" m_tx="-8.959606" m_ty="-119.720215"/>
   <element name="door" layername="door" frame="0" z_index="18" m_a="0.925391" m_b="0.000000" m_c="0.000000" m_d="1.108138" m_tx="-62.700066" m_ty="3.583960"/>
  </frame>
  <frame idx="400" w="299" h="472" x="-32.194099" y="-150.639557">
   <element name="shadow" layername="shadow" frame="0" z_index="20" m_a="0.999862" m_b="0.013542" m_c="-0.018512" m_d="1.366795" m_tx="-4.649000" m_ty="21.350000"/>
   <element name="base" layername="base" frame="0" z_index="19" m_a="0.977219" m_b="0.000000" m_c="0.000000" m_d="1.062300" m_tx="-9.149000" m_ty="-113.848999"/>
   <element name="door" layername="door" frame="0" z_index="18" m_a="0.957550" m_b="0.000000" m_c="0.000000" m_d="1.061540" m_tx="-65.361320" m_ty="3.816626"/>
  </frame>
  <frame idx="425" w="299" h="452" x="-32.417942" y="-143.631409">
   <element name="shadow" layername="shadow" frame="0" z_index="20" m_a="0.999862" m_b="0.013542" m_c="-0.018512" m_d="1.366795" m_tx="-4.649000" m_ty="21.350000"/>
   <element name="base" layername="base" frame="0" z_index="19" m_a="0.993970" m_b="0.000000" m_c="0.000000" m_d="1.016491" m_tx="-9.406353" m_ty="-108.223999"/>
   <element name="door" layername="door" frame="0" z_index="18" m_a="0.988763" m_b="0.000000" m_c="0.000000" m_d="1.016290" m_tx="-67.944313" m_ty="4.076931"/>
  </frame>
 </anim>
</Anims>
